{"cameraMode":{"drawMode":0,"name":"Shaded","section":"Shading Mode"},"sceneLighting":false,"audioPlay":false,"sceneViewState":{"m_AlwaysRefresh":false,"showFog":false,"showSkybox":true,"showFlares":false,"showImageEffects":false,"showParticleSystems":false,"showVisualEffectGraphs":true,"m_FxEnabled":true},"in2DMode":false,"pivot":{"x":10.112319946289063,"y":-9.558639526367188,"z":24.02159881591797},"rotation":{"x":-0.26690688729286196,"y":-0.029472004622220994,"z":0.008167833089828492,"w":-0.9632449150085449},"size":33.245147705078128,"orthographic":false}