{"cameraMode":{"drawMode":0,"name":"Shaded","section":"Shading Mode"},"sceneLighting":true,"audioPlay":false,"sceneViewState":{"m_AlwaysRefresh":false,"showFog":false,"showSkybox":true,"showFlares":false,"showImageEffects":false,"showParticleSystems":false,"showVisualEffectGraphs":true,"m_FxEnabled":true},"in2DMode":false,"pivot":{"x":163.18731689453126,"y":21.651641845703126,"z":-18.117645263671876},"rotation":{"x":-0.16766496002674104,"y":0.6933344602584839,"z":-0.17097100615501405,"w":-0.6797088384628296},"size":0.8660253882408142,"orthographic":false}