{"cameraMode":{"drawMode":0,"name":"Shaded","section":"Shading Mode"},"sceneLighting":false,"audioPlay":false,"sceneViewState":{"m_AlwaysRefresh":false,"showFog":false,"showSkybox":true,"showFlares":false,"showImageEffects":false,"showParticleSystems":false,"showVisualEffectGraphs":true,"m_FxEnabled":true},"in2DMode":false,"pivot":{"x":76.3852310180664,"y":30.099159240722658,"z":22.199392318725587},"rotation":{"x":-0.0005143866874277592,"y":0.9307912588119507,"z":-0.3657377064228058,"w":-0.0010945259127765895},"size":5.6660261154174809,"orthographic":false}