{"cameraMode":{"drawMode":0,"name":"Shaded","section":"Shading Mode"},"sceneLighting":false,"audioPlay":false,"sceneViewState":{"m_AlwaysRefresh":false,"showFog":false,"showSkybox":true,"showFlares":false,"showImageEffects":false,"showParticleSystems":false,"showVisualEffectGraphs":true,"m_FxEnabled":true},"in2DMode":false,"pivot":{"x":8.920148849487305,"y":9.689162254333496,"z":19.263166427612306},"rotation":{"x":0.015614856965839863,"y":-0.9135598540306091,"z":0.03507282957434654,"w":0.40501171350479128},"size":2.9660251140594484,"orthographic":false}